"Best4.Enterocytes","Enterocytes","Enteroendocrine","Goblet","Stem","TA"
7892,5512,10348,6738,7392,6599
1169,999,853,889,1039,1041
2165,1439,2225,2400,2185,1902
12800,11293,11896,14332,12896,13111
3574,3055,7232,5437,4212,3735
8745,10989,10264,7409,8787,8904
10491,10883,8484,11263,10263,10868
9319,8986,11015,9181,9475,9447
6544,6365,9523,5858,6373,6263
2111,1661,2772,1749,1796,1707
15467,17805,13064,14493,14443,14711
10078,9817,6871,8928,9680,10151
4569,3656,5573,5043,4899,4552
12023,12426,11052,11249,12188,11798
7450,9113,6602,7537,7591,7941
11585,11295,9643,10542,10369,10526
6439,4548,10413,6808,7052,6130
12196,12406,10246,13068,12280,12684
10327,10756,7112,9695,9246,9559
12953,15772,11349,12967,13082,13049
12457,12850,13102,13009,12414,12711
10093,11542,9587,9654,10083,10241
3084,2301,2401,2598,2980,3001
3810,3024,4237,3194,3996,3755
11857,13322,10301,10803,11880,12165
12861,13520,11776,13815,13581,13557
4196,4854,4812,4178,4393,4481
2269,2875,2411,1965,2625,3009
4480,3149,4682,3896,3917,3845
5718,7037,7529,5479,6210,6209
6796,6776,5804,6536,6248,6435
3336,3238,2476,3334,3311,3351
7835,9826,8475,9375,8533,8445
6781,6651,7102,7601,6537,6718
5604,6042,8317,5148,6394,6177
8433,9808,6852,8629,7846,8205
11321,16051,10236,11955,12416,12853
8833,8758,9689,8673,8673,8561
9627,11823,7427,9324,9993,10283
8560,10120,13027,10393,10452,10307
3174,2270,4822,2349,2805,2719
969,898,844,725,946,956
2865,2164,4247,2826,2995,2910
4736,5804,6741,5667,5026,5347
5086,5494,5471,4788,5332,5408
4764,4056,5415,5002,4732,4560
11657,13271,13927,12874,12012,12753
3110,3159,2707,3367,3326,3829
3575,3112,3449,4316,3390,3230
1196,1466,1854,1159,1192,1276
6438,7190,5313,6815,6591,6376
5698,5565,6147,5376,6292,5306
1785,1498,2021,1728,2424,2117
5757,3945,5090,5080,5066,5249
3672,3315,3292,3852,4352,4344
2720,2292,5016,2745,3281,3403
4003,4685,5192,3960,3897,3704
3174,3406,4766,3494,4041,4296
3370,2917,4942,3570,3303,3332
8127,9960,9995,8123,7669,7908
2409,3227,2049,2451,2547,2839
1249,992,1187,911,1037,1059
2923,2649,2837,2338,2606,2802
2159,2930,2031,2396,2631,2931
994,888,918,957,928,998
1261,1223,1595,1371,1371,1311
1340,1211,2930,1324,1326,1318
1804,1755,1586,1743,1731,1692
2500,2335,2262,2511,2291,2433
3565,3595,7288,3570,3700,3826
2675,2777,1511,2081,2428,2559
1027,927,742,994,1180,1074
1067,896,454,820,907,905
2060,1643,1808,1647,1840,1824
1275,1022,668,923,1020,1054
6326,8321,5582,5880,6509,6560
5507,4204,5220,4748,5143,5094
5084,6216,3783,6230,4772,4421
2783,3030,2513,2769,2665,2849
4007,4362,4228,3696,3679,3800
4201,5554,4886,3801,3942,4091
2420,2323,2114,1754,2485,2484
3523,2632,5174,3007,4268,4094
4156,3641,3533,5448,4236,4320
7133,7467,8994,7526,7205,7313
7697,6854,9736,9283,8317,8490
3429,4050,3384,3448,3268,3247
1384,1150,1521,1332,1287,1333
1776,1198,1521,1552,1321,1355
1809,1703,1854,2037,2022,2082
2380,2383,2160,2167,2407,2570
3530,4013,3996,3317,3595,3672
1993,1891,1604,1741,1823,1955
1231,1194,788,1119,1241,1351
1151,1013,649,985,1089,1073
965,867,584,878,1063,1041
1237,1045,1038,1095,1176,1164
3108,2899,3551,3111,2955,3040
11253,10132,10737,10803,11269,11128
4834,5843,6648,5179,5270,5259
4560,4045,5109,5229,4470,4463
6399,8657,5433,6316,6300,6862
8490,11019,6713,8995,8570,9116
2972,2799,3078,2908,3043,3096
3548,2656,3690,2998,3498,3031
9968,16675,8985,11027,11999,12818
5768,4080,6407,6376,5444,5431
1293,1346,1910,1316,1385,1340
7027,4938,4970,5659,5373,5545
9734,12196,9597,10469,10631,10438
13119,15945,13510,12998,14238,14159
2294,1849,2383,2132,2302,2258
10929,10613,9652,10884,10035,10060
7675,10119,9866,7861,7902,8304
13496,15186,15104,15050,13969,14165
4243,4073,3403,3997,3989,3872
1698,1565,1428,1362,1540,1585
4651,4969,6120,5858,4874,5058
5320,4704,4988,6061,5259,5190
5599,6193,5582,6642,5680,6183
1398,1212,2503,1518,1448,1311
4985,4712,4154,3939,4027,4251
4542,4907,7399,4604,4687,4872
2394,2028,1854,2370,2272,2409
9432,8723,8558,9388,9135,9424
6520,4456,3764,3814,5212,5091
7207,7639,6064,6745,6838,6859
2549,3151,2503,2444,2723,2676
2854,3386,2995,3361,3453,3526
2910,3183,2633,3409,3338,3359
3697,4768,2902,3929,3748,4096
2758,2352,4098,2195,2776,2837
1721,1708,2466,1629,1826,1798
3209,2117,3570,3193,2539,2460
4274,4830,5869,4901,4160,4107
4937,4890,6824,5258,5228,5352
5202,5973,5063,5220,4864,5062
4404,3238,5545,4243,3849,4036
6270,5771,6537,7394,6078,6399
5010,4845,4451,4172,4115,3935
6397,6120,5869,6754,5418,5492
5103,5838,3829,4917,5013,5464
2423,1693,1771,1949,1934,1951
1046,940,909,1172,980,1047
978,865,649,765,821,897
1024,869,668,976,925,921
1411,1133,1242,1307,1251,1303
926,891,436,809,867,941
1527,1296,3115,1666,1525,1506
4280,3195,3208,4289,3966,4251
1095,945,844,910,968,1039
1783,1743,705,1900,1697,1862
1037,945,631,893,941,923
3052,3251,2392,2847,2974,3142
2611,2158,2068,2059,2264,2217
1644,1559,2012,1502,1865,1886
6120,7547,5860,6080,6506,6697
8472,9702,10162,8355,8993,9227
11676,13036,12573,12173,12207,12119
8057,6788,10292,7876,8092,7600
9926,11579,13834,11287,10463,10191
10373,8027,11229,10374,10659,10152
5014,5711,5665,5357,5230,5272
4681,4987,5063,5217,4629,4698
1971,1696,2114,2274,2092,2176
5970,6830,5322,5890,6980,6596
7539,9704,7603,7592,7243,7449
5496,2809,4998,2642,3859,3382
2564,1591,3338,2616,2518,2252
1652,1558,2596,1945,1525,1615
1399,1251,2346,1552,1395,1402
1791,1327,2448,1420,1937,1694
1357,1186,1650,1325,1318,1281
1863,2547,2235,1611,1761,1741
4597,5158,5313,4791,4636,4760
1814,1459,2012,2002,1612,1555
3488,2625,3996,4161,2821,2894
5992,5800,5943,5939,5822,6144
7880,6252,7436,7435,8150,8270
8330,8513,11173,8194,9013,8698
5613,4179,5081,5025,4664,4740
6079,4271,5906,5421,6388,5751
8110,6114,7279,9103,7653,7636
4427,3959,3876,4363,4618,4281
6557,6337,6444,6515,6396,6692
3710,3668,3792,3559,3686,3768
10948,9772,11219,10046,10557,10382
6890,7142,7297,8015,7311,7135
3560,2419,3987,2864,3055,2907
1446,1180,1669,1713,1428,1357
1305,1051,834,962,1042,1054
3327,1686,2040,1941,2616,2403
2759,2854,2902,1924,3270,3163
3246,3220,3885,2905,3064,3123
6095,5459,5628,6069,6178,6060
2277,1379,5294,2526,2324,2030
4916,5654,4376,5613,5290,5290
3194,2838,2689,3095,3378,3225
2294,1681,3941,2393,2540,2452
1233,1196,1029,1077,1250,1188
3737,2998,4219,3578,3536,3448
1052,1018,519,847,1080,1099
975,1026,491,923,1129,1100
2249,3009,2457,2464,2275,2315
1857,1901,2513,1875,1992,2004
9093,8039,7418,8710,8014,8556
9205,11732,8354,10830,9350,9453
11406,11861,9828,11600,10755,10605
5866,6267,5081,7166,6424,6187
1897,1720,1094,1606,1810,1834
907,940,491,796,960,973
2624,2553,1790,2766,2951,2874
2156,1834,2596,2072,2154,1976
2097,2465,1929,2392,2694,2697
2998,2899,2587,3093,3716,3585
1997,1385,2160,1660,1580,1542
2843,2496,2865,2625,2793,2594
9154,8959,7112,7889,9140,9205
1469,1315,2096,1493,1755,1581
1042,978,992,1084,1177,1109
3288,3233,5869,3506,3637,3375
5560,5323,4441,5441,5599,5525
4807,3817,6055,4315,5088,4736
6881,7169,9087,6572,6788,6936
8819,9917,8540,8704,9718,9579
12540,15740,10589,11212,11760,11913
1255,1147,1669,1156,1238,1206
4946,4175,5749,4387,4533,4503
1944,2299,1771,1577,1908,2008
4637,4970,4061,4722,4763,4736
2112,2333,1678,1987,2365,2171
1235,972,983,1544,1366,1270
960,988,566,1054,1116,1061
5129,5237,5202,6233,5868,5905
4042,3954,6064,5718,4993,4783
4828,4445,4247,5774,5337,5354
2866,3218,3190,2793,2847,2801
1138,1225,1975,1088,1240,1200
2062,1867,2782,1529,2326,2384
11625,8344,10923,9460,10781,10675
10284,9747,7993,9510,10212,9871
4555,4099,4701,3783,4282,4130
4131,4464,6630,3783,4479,4337
8035,11703,6463,7343,8256,8870
8871,9043,7223,8827,8504,8858
3001,2150,3245,2555,2642,2657
1235,1151,1298,1070,1347,1263
979,945,1567,950,1009,944
1058,1116,872,1121,1151,1108
921,901,677,828,1062,965
3211,2080,2244,2928,2820,2729
5378,6528,6704,7027,6241,6184
5178,4590,5257,6105,5196,5167
1260,1278,2392,1094,1499,1331
985,1317,1029,1005,1177,1172
1634,1397,1632,1832,1718,1589
1129,1363,2337,1386,1604,1545
4862,5331,5081,4338,5823,5637
5663,7060,5331,5916,5957,6361
3375,3291,4043,3441,3514,3614
2647,4294,2244,2893,2745,3022
10544,12479,8215,9677,10567,10778
6818,8164,5313,7496,7255,7324
3146,1184,1298,1377,1469,1303
3250,2166,1854,2383,2256,2047
3264,2486,2930,3206,3268,3112
7345,12492,5693,8649,8307,9166
8263,9630,7047,8073,8084,8091
4128,3163,3829,3185,3698,3500
4454,5297,2976,3156,3594,4349
11736,11643,9995,11700,11380,11804
1506,1470,1892,1518,1627,1634
1532,1391,964,1484,1466,1541
829,1075,807,909,1032,963
920,906,593,839,884,943
1558,1563,1344,1959,2160,2063
1779,1684,1771,1445,1885,1872
1500,1042,853,1131,1182,1205
1426,1186,1122,1403,1531,1555
1497,1453,1298,1398,1478,1645
6494,6309,4414,5973,6642,6699
10271,10510,8975,9479,9676,9639
4951,5532,4191,5399,5291,5266
6864,7393,7269,7855,6793,7188
3628,3619,4534,3522,3629,3693
3246,4569,3987,3189,3625,3775
6971,6949,7260,7393,6910,6556
6089,5519,5990,5867,6351,6315
1086,996,1419,1059,1093,1090
1821,1446,1372,1416,1608,1600
6897,7573,6342,8021,7352,7296
1944,2333,2077,1498,2011,1991
1223,1171,2188,1351,1432,1448
1248,1935,1029,1120,1488,1640
1742,2096,1892,1728,2156,2150
2855,2551,2198,2141,2738,2600
4997,5376,5600,4950,5745,6100
4203,4031,4451,4123,4706,4414
7386,9131,6426,8380,8832,8627
1312,1509,1122,1408,1577,1672
987,968,510,855,1030,1011
1425,1818,1140,1439,1540,1619
2485,1995,2902,2842,2320,2105
1370,1388,1530,1366,1601,1567
9112,10665,8642,8986,9316,9528
3270,3641,3134,3729,3330,3287
1757,1375,1372,1830,1791,1555
1899,1734,2429,1834,2159,1969
4184,5752,4488,5656,4894,4708
3056,2838,3255,3474,3238,3162
1320,1245,1020,1297,1211,1277
2332,1959,1085,2281,2201,2177
2524,1870,1697,2381,2191,2229
1358,1116,1224,1428,1379,1273
1029,1005,881,1300,1015,1031
925,979,705,1039,930,939
1330,1234,1187,1207,1453,1445
1223,1081,853,1223,1147,1143
1715,1624,1511,1614,1607,1670
1080,893,640,897,962,942
1537,1040,853,1177,1230,1152
3650,4045,2735,3567,3127,3446
2713,2266,3792,2439,2655,2605
3133,2722,2429,3420,2865,2804
3293,4109,2485,3213,2990,3158
1966,1925,1511,2239,2071,2035
4703,4174,4451,4628,4678,4822
1364,1152,1020,1230,1385,1408
1294,1022,1975,1129,1189,1191
860,986,742,1035,986,1007
4133,4291,4126,4620,4240,4246
4839,3515,4033,4718,4336,4321
5121,3881,3357,4197,3897,3788
5970,5421,4859,7086,6151,6128
3803,3658,1808,2798,3528,3608
2759,3073,4089,3483,2970,3070
2671,2785,4172,3023,2822,2635
1153,1143,927,980,1034,1066
2017,1887,3088,2321,2161,2169
2459,1867,2800,2716,2396,2319
1430,1234,1252,1205,1325,1413
2695,3656,1335,2235,2645,3075
8142,11184,9383,8581,9447,9726
4814,6076,4135,5142,4570,4834
4030,2358,5137,4230,3436,3382
4005,5112,3561,3635,4111,4540
7504,6937,7038,7554,7839,7493
3669,3307,3153,4277,4463,3842
2486,2270,3245,2524,2646,2656
2212,2197,2976,2850,2489,2445
4744,3108,5433,3362,4478,4074
4961,6074,4627,4482,5380,5843
2956,2487,4284,3256,2928,2918
1777,1813,3180,2127,1810,1821
2469,1756,1428,2124,2096,2058
3122,4177,5916,3137,3175,3309
2546,1669,2374,2782,2100,2161
2427,1791,2411,2062,2379,2328
1245,1069,779,1100,1173,1197
1338,1932,714,1633,1418,1526
2100,2277,1929,2100,2131,2165
1793,1290,2244,1459,1549,1540
1198,1376,2772,1379,1321,1370
3604,3934,3236,3709,3691,3547
8025,7985,6138,7451,7397,7883
6425,5802,3635,4930,5261,5505
1070,1797,1011,1287,1313,1495
1082,1150,797,1273,1128,1208
934,920,807,841,918,950
2248,2278,1929,2604,2667,2560
4003,4866,4321,3808,4110,4007
4605,3757,3848,4682,4299,4164
4708,6233,3190,4925,5002,5121
5890,5235,4636,5175,5612,6022
6684,8479,6435,7372,6703,6767
6488,8399,5999,6679,6444,6625
4533,3986,3607,3780,4176,4245
6405,7942,4757,5258,5994,6445
3420,2321,4080,2602,3029,2609
3704,3269,4571,2771,4092,4055
2807,2394,2893,2409,2664,2635
8137,9516,5823,7457,7779,8017
3290,3005,2884,3087,3476,3545
964,1020,1094,971,1114,1096
1959,1722,1558,1784,2029,1950
1292,1049,1400,1295,1199,1119
1997,1730,1910,1984,1699,1856
2363,1773,2401,2231,1994,2130
1513,1254,955,1422,1398,1449
2503,2353,2290,2330,2994,2739
4450,3009,7965,4410,3996,3966
1577,1404,1511,1519,1808,1672
10286,11344,13000,10961,10188,10485
10557,11494,14733,11903,11023,11026
1248,1081,1224,1343,1331,1208
2901,1730,2309,3615,3167,2888
5200,4809,4339,4932,5248,5664
3076,3853,5582,2802,3019,3136
4388,4633,4747,4164,4180,4489
1621,1054,2012,1583,1542,1461
3318,3600,2976,3656,3141,3300
6384,6585,3811,4874,6199,6136
1175,1422,927,1201,1367,1360
2860,3845,2327,3232,3382,3613
6861,8945,5202,7410,6537,6825
12809,11630,11099,12226,12778,12987
6519,6355,4562,6536,6874,7101
6777,8583,3551,5991,6739,6902
3446,2354,3468,2816,3775,3360
7782,6737,7251,7160,7183,7330
2397,2347,1966,1944,2294,2255
6165,6018,7650,7469,6154,6178
7011,4939,5730,6398,6339,6366
5289,3643,6667,5755,4921,4957
6828,6076,8549,6324,6437,6317
11818,8911,10478,12761,10951,10994
1522,1323,1409,1295,1496,1525
1888,1374,4043,1769,1788,1729
2124,1775,1984,2244,2081,2019
6005,4580,5628,5960,5652,5480
3766,4023,2763,3924,3422,3683
2384,1584,1623,1695,1764,1922
1631,1332,1836,1276,1461,1475
3303,2786,3802,3019,2824,2738
8626,9185,7863,9146,8663,8995
3239,3326,3505,3382,3496,3415
4782,4127,5276,5167,4968,5149
9962,8919,7019,9080,9163,9157
3262,2238,3663,3422,3193,3015
8162,7999,7687,7818,8129,7596
3694,3654,4108,3907,4027,4012
3395,4103,3764,4255,3320,3589
2454,2232,2763,2613,2335,2306
2534,1802,2272,2295,2433,2415
1938,1991,2012,2382,2233,2099
1925,1835,1882,1677,1683,1708
964,972,677,855,987,986
1078,1100,1020,1157,1089,1170
3843,3926,3208,3765,3836,3824
3445,4198,3060,3900,3470,3647
2688,2058,2290,2495,2662,2725
1103,958,816,923,1067,1078
3942,1865,3663,4208,3410,3032
2717,2313,1901,2516,2467,2564
1123,945,1029,1185,1153,1062
3525,3455,3672,3107,4045,3664
4305,3138,3681,3301,3788,3881
5258,4323,6630,5814,5133,5183
3807,3970,3486,3770,4006,3975
1379,1571,1715,1382,1888,1714
1323,1105,1187,1187,1286,1148
3165,4205,2299,3259,2648,2652
6991,7826,7538,6776,7538,7660
6819,7510,4293,6397,6429,6609
6692,5571,5461,7252,6700,6682
4895,3132,3180,4614,3952,3789
3443,3240,2494,2822,2738,2754
10503,11816,7418,10361,9262,9600
4632,5916,3421,4268,4296,4408
3819,2842,3292,3472,3634,3496
8910,7365,8605,8403,8037,8184
6777,6324,6453,6230,6432,6382
6718,6725,6055,6042,6607,6873
10273,10432,11284,10425,10638,10964
11330,11846,11136,11152,11446,11616
12042,11290,11386,12517,11857,11675
5680,5248,4386,5429,5388,5747
9146,8847,11627,8538,8846,9146
8196,8118,11025,8660,8647,8763
2535,1363,2522,1760,2133,2143
3602,2028,2225,1911,2721,2568
2553,2161,4024,2380,2608,2844
7189,7962,4098,6346,6652,6941
9798,12463,10134,9567,10203,10602
1919,1231,3551,1864,1860,1644
1633,1183,2596,1717,1313,1251
3887,4475,5637,3086,3873,3968
1859,1958,4043,1757,1871,1964
4511,4668,4942,4036,4401,4555
2740,1921,3774,2506,2805,2546
3267,3651,4247,4390,3220,3152
6932,5987,7464,6883,6836,6941
2260,1807,1919,2125,2633,2454
1156,1245,1048,1031,1195,1201
3888,4052,3208,3994,4114,4226
1315,1243,1076,1276,1229,1257
7847,6979,7863,8975,7195,7509
7500,6672,9504,7851,6916,6888
3128,2241,5990,3413,3434,3017
1510,1496,1752,1661,1726,1898
1154,1038,1048,1150,1254,1230
945,1026,723,1402,1119,1103
1059,973,593,1005,977,997
1376,1109,1057,1361,1101,1143
1380,1093,1076,1146,1292,1190
1551,1635,1771,1563,1607,1656
904,833,593,795,913,935
741,830,473,709,812,866
1017,855,714,776,871,970
898,1199,1242,845,938,1082
1145,1096,1233,1122,1113,1178
2785,3289,2216,2286,2753,2742
2400,2196,1910,2011,2039,2042
1542,1341,1020,1394,1480,1583
2344,2558,3134,2927,2835,3093
1103,1183,853,1105,1192,1249
960,906,733,882,981,965
2140,1354,3153,2097,1744,1725
2374,1927,2142,2337,2244,2177
2237,1813,1919,2134,2210,2190
4050,3347,3421,3963,3744,3798
6032,4837,3950,4579,5177,5314
2721,2958,2364,1885,2420,2558
863,829,649,803,885,909
1028,950,593,1096,984,995
3126,2915,2800,3301,2712,2722
1401,1236,1113,1353,1147,1201
2713,1803,3023,2304,2362,2290
5075,5982,3644,5241,5502,5407
1614,1968,1715,1491,1878,1945
1336,1417,2568,1296,1818,1917
2789,2209,3931,2741,2768,2684
4345,3899,6055,5631,4526,4236
4722,4718,6389,5493,5314,5202
2443,1795,3709,2251,2423,2418
1977,1909,3041,2209,2149,2076
1092,1003,946,1295,1109,1225
2138,1752,2503,2298,2058,1909
1154,1145,955,1101,1200,1296
5335,5262,5090,6365,4547,4890
5093,4279,6064,4999,4776,4819
2523,2623,3004,2391,2573,2633
4774,5198,6092,5258,4783,4983
8397,6888,6648,6491,6766,6772
8650,10159,7566,6929,7813,7953
3695,2610,3440,3528,3719,3585
6712,6417,8169,8083,6415,6279
6146,5281,7371,5464,5647,5604
9123,8637,11627,9960,8761,8810
2480,2536,2272,2753,2401,2506
3211,2956,4312,3933,3313,3463
3969,4407,3097,3647,3887,3763
4727,4702,3922,4576,4396,4484
2115,2376,2735,2023,2231,2194
4766,5742,4339,5501,5322,5597
1452,1222,1641,1410,1323,1354
5154,4411,4553,4068,4709,4621
3016,3007,3764,2931,3132,3181
1971,1921,2680,1991,2183,1829
6889,8496,7464,6629,7639,7916
5726,7981,6500,5928,6160,6238
3788,3172,2541,3443,3468,3587
890,964,1456,854,956,983
895,871,566,837,893,917
4169,4769,3459,3370,3933,4236
1153,1094,872,1047,1062,1103
1777,1457,2847,1840,1767,1731
3400,4080,4877,3740,4185,4032
6450,6512,6389,6223,6288,6232
2388,1694,2930,2216,2367,2219
3630,4705,2930,3243,3714,3967
2901,3200,2392,3261,2743,2890
2213,1360,1706,1952,1710,1656
2856,2528,3375,3028,2928,2950
4067,3997,3727,4055,3808,3744
4312,4783,3588,4626,4576,4453
4185,3088,3968,4834,3931,3903
3229,3270,2615,3057,2980,3245
4106,3939,5183,4136,3872,3906
1540,1282,1465,2173,1595,1542
1012,878,556,907,1009,1015
973,904,612,893,922,989
1406,948,1085,1382,1208,1234
2219,2230,1484,1877,1991,2062
984,916,983,1027,1002,978
1920,2108,1956,2186,2088,2179
2972,3144,2689,3194,3236,3236
7035,6326,6815,7575,7155,7393
5298,5391,5545,5783,5855,5869
4683,5160,3792,4224,4596,4656
7880,10245,5545,7782,7673,7472
1080,970,909,959,1017,1061
1678,1502,1576,1421,1639,1670
1987,1504,1706,1948,1579,1570
1264,1132,1539,1413,1394,1419
6997,8213,8410,7720,7067,7424
2182,1350,3996,2602,1999,1919
3352,2354,2995,2770,2808,2842
1658,1510,1159,1525,1538,1554
1207,1077,909,1199,1111,1182
4356,5401,3514,5077,4473,4965
6672,8453,6324,8027,6849,6778
10309,9716,11720,9818,10894,10364
9254,12412,7075,9625,9585,10286
4473,4070,5916,3701,4010,4012
3165,2676,3681,2682,3390,3225
6110,7268,5795,5380,5877,6084
4558,4157,2754,4350,4166,4340
3028,3080,2068,2325,2824,2886
1502,1346,983,1251,1310,1403
1788,1642,1372,1655,1496,1487
5811,6169,4506,3419,5691,5966
11718,13415,10236,9036,11443,11485
7363,8541,5165,6909,7645,7868
11643,11215,9207,11922,11068,10770
10635,11701,10144,10263,10126,10478
5055,4505,7344,5644,5819,5187
1618,1149,1409,1203,1341,1344
8451,9510,8317,8686,8631,8895
6084,4417,8892,6177,6142,5759
6575,4186,5841,5116,5656,5428
3657,4716,3236,3903,4452,4323
3863,4049,3013,4635,3553,3476
1659,1610,964,1950,1639,1629
1941,1876,2503,2023,1989,1954
1650,2017,1326,1665,1842,2014
4568,4503,3051,3946,4333,4476
3112,2870,3486,2405,2850,3060
2614,2389,3820,2728,2792,2637
1995,1676,2207,2405,2086,2071
1161,1163,575,1150,1189,1305
2388,1894,1623,1816,2213,2186
1438,1422,983,1322,1399,1310
3376,3606,3051,3298,3505,3654
3950,5725,3041,4629,4410,4749
4849,3454,4274,5295,4326,4122
5251,4279,4877,5552,4985,4937
4096,2939,6018,5081,3466,3477
2067,1989,1465,1684,1771,1894
991,893,779,953,1039,1065
737,877,417,794,882,885
1681,1802,1011,1426,1641,1728
1375,1227,816,1252,1285,1304
1739,1313,918,1478,1403,1490
940,990,510,906,955,1013
889,837,417,774,878,881
958,880,417,825,913,932
1886,2262,1678,2126,2056,2116
7602,9167,7520,7251,7125,7312
10737,11197,8651,11092,10601,10612
6256,6692,6064,6514,6388,6515
7309,10411,8577,8138,7462,7754
3654,2289,3737,3011,3424,3219
2592,3611,2976,2908,2485,2787
934,939,529,833,883,967
1300,1227,992,1233,1358,1317
1140,1169,714,1134,1228,1272
901,1007,1558,1139,1219,1076
2634,2208,2624,2162,2309,2347
8016,8063,7260,8650,8128,8502
2905,2701,2151,3326,3063,2882
4556,3666,4441,4365,4340,4488
2135,2641,3078,2311,2477,2659
3596,2856,2531,3371,3134,3215
5433,6556,7928,7443,6393,6609
1326,1233,1233,1548,1377,1428
737,805,408,762,814,843
746,869,482,764,840,858
974,1228,1001,1444,1284,1240
1028,1071,733,1051,1087,1176
723,845,427,768,820,862
768,830,519,938,923,897
785,884,566,880,854,870
900,866,603,787,863,914
1616,1517,1419,1631,1603,1677
3588,3214,2216,3188,3658,3680
3914,3235,3236,3748,3539,3760
2674,2031,3681,2805,2734,2548
4147,6468,3523,4662,4347,4759
972,974,1066,1331,1116,1079
4647,4501,5220,4557,4893,4871
5896,7556,4182,6495,6787,6769
5379,6275,4988,6532,5630,5934
10047,11839,10125,11301,10276,10324
4359,5127,4135,5498,4893,4844
4827,4147,3292,4247,4341,4263
1537,1580,936,1580,1490,1601
2192,1980,2068,2122,2112,2016
5297,7009,4312,4379,5055,5065
3729,3267,4126,3793,4188,3725
6774,9974,5869,7524,6633,7503
2322,2091,2559,2636,2445,2462
2853,1694,2624,2428,2476,2288
3187,2626,3440,2918,2661,2529
5748,5323,5313,5040,5527,5793
5725,7637,6083,6750,5147,5300
3710,3739,4942,4164,4040,3854
1531,1912,1419,1945,1729,1701
1282,1124,890,1047,1358,1293
1189,1530,872,1074,1295,1358
1982,1368,1419,3309,2251,1910
3008,3116,4701,3116,2872,2738
3065,1227,1780,1413,1463,1384
1449,1022,1363,1114,1113,1034
1107,980,779,1043,1133,1011
4087,3780,4822,3884,4131,3804
4580,4296,3829,4301,4984,5169
1122,1405,955,1290,1288,1317
3764,3131,3718,3468,2987,2929
5115,3896,4914,5514,4794,4787
1633,1661,1150,1622,1804,1799
1662,1919,3115,2216,1875,1777
4193,3707,4330,4327,4430,4454
1379,1590,983,1413,1518,1586
4022,3981,2837,3574,3467,3547
2123,1554,2670,2460,2445,2021
3023,2712,3857,2839,3210,3344
5445,7854,3496,5925,5485,5838
1355,1624,1224,1260,1676,1624
3032,3040,3783,2737,2941,2945
4008,4073,5619,4813,3626,3786
2894,2597,4265,3182,3264,3257
1069,961,668,1199,1109,1014
815,959,612,871,945,922
1195,1063,1409,1614,1390,1357
2040,2234,2596,2051,2379,2376
2844,2253,1956,2603,2728,2807
2635,3065,1511,2224,2646,2849
3339,3229,3227,3069,3391,3306
1586,1747,1094,1335,1650,1647
875,848,658,832,913,900
808,828,464,798,905,841
1920,1796,1511,1994,1988,1965
4900,3648,5285,4388,4524,4726
1379,1433,1261,1324,1361,1387
892,853,899,809,961,890
818,799,464,1066,851,832
874,855,510,816,841,837
928,947,445,859,1011,985
778,790,427,727,882,769
1205,1050,881,948,1091,1052
884,905,677,879,918,884
2861,1976,3570,3156,2814,2625
5810,5731,8632,6055,5898,5922
5873,6181,6240,6518,5809,5905
2141,1872,1715,2302,2175,2044
1952,2807,3431,2321,2545,2423
4717,3799,3347,4335,4268,4272
2455,2424,1975,2521,2499,2430
2488,3325,2068,3049,2722,2686
6924,9480,6138,8896,7535,7499
2390,2496,1270,2427,2446,2404
2621,2516,2949,2464,2728,2717
6617,7489,6555,6800,6692,6866
5667,5231,7177,5472,5566,5178
5444,5681,5879,5998,6055,5736
1872,1426,2791,1524,1897,1783
1845,2359,1975,1783,1868,1868
1228,983,1298,1238,1386,1190
1058,946,992,1178,1100,1079
5068,4681,3764,5336,4770,4826
2156,2945,2847,2432,2602,2482
949,1045,1011,1242,1101,1079
704,801,723,898,864,859
1376,1439,1048,1833,1530,1570
2865,1910,3551,2128,2415,2345
1335,1391,936,1211,1441,1445
2183,2755,4098,2489,2478,2500
935,1324,2327,1207,1253,1239
849,883,825,868,875,893
4111,4978,4015,5575,4306,4423
5977,6786,6222,6533,6605,6882
2106,1843,1938,1831,1988,2007
847,893,603,1024,925,982
1703,1759,1484,2200,2003,1981
4187,4461,3672,4474,4106,4163
2311,3824,2198,2934,2430,2602
808,890,603,837,888,937
1261,1201,1159,1377,1439,1334
1777,1586,1595,1878,1970,1838
969,1001,621,938,1030,969
858,906,621,831,945,922
1007,1017,668,987,1051,1085
1160,1324,1261,1081,1210,1247
1376,1243,1956,1680,1555,1504
4263,3458,4998,4293,4705,4444
7746,6977,6537,8721,8253,8844
5327,4156,6565,4684,4855,4654
7102,6515,6676,7642,7353,7237
1225,1274,797,1423,1531,1432
1051,963,603,852,1053,1076
6527,8237,7770,6629,7650,7111
1035,1045,918,1058,1179,1127
1023,1044,807,985,1198,1073
1186,1002,834,1019,1215,1098
1540,1518,1576,1610,1640,1608
2447,2325,4590,2843,2764,2604
2087,1875,3403,1908,2188,2151
2062,1349,1456,1943,2006,1816
2838,2937,3709,2884,3133,3116
5493,4673,4376,5121,5559,5487
1461,1084,1187,1040,1377,1154
976,1000,575,894,1192,1058
1056,1134,705,1048,1285,1198
8012,7347,10422,8761,8425,8232
1605,1334,862,1448,1467,1450
6512,7046,8540,7806,7791,7357
1049,1040,1261,1029,1163,1123
919,822,631,771,944,882
833,862,556,790,925,893
974,917,575,875,1100,1036
811,824,695,751,869,888
780,790,454,701,841,843
765,783,547,725,863,864
721,801,389,684,881,867
911,844,454,713,900,883
868,976,631,869,989,996
1080,916,1113,1041,1109,989
1990,2235,2624,1872,2257,2100
4421,3353,4534,4231,4916,4628
2816,2903,2086,2373,2795,2818
3372,3166,3839,3967,4084,4039
3074,2669,2550,2885,3063,2872
2193,2536,1419,2026,2480,2552
1147,1226,1817,1229,1343,1203
4218,4552,2503,3136,4594,4659
5201,5627,4636,5412,5368,5392
2661,2706,4210,2827,2603,2600
3098,3725,3134,3635,3409,3472
5237,5304,5897,5607,5651,5703
1186,1217,918,1182,1251,1184
1044,1081,1521,1237,1377,1235
1238,1005,1669,1564,1332,1139
2173,1980,2949,2324,2488,2337
2213,1712,1817,1934,2184,2033
2613,2532,3913,2708,2759,2796
5729,6778,4849,6158,5607,5704
3442,3766,2717,3330,3285,3160
4370,4993,3162,3297,3781,3951
3088,2033,2921,2952,2654,2488
4945,5833,7510,6090,5239,5399
2579,2025,2058,2106,2505,2255
6121,5989,5916,6398,5955,5959
2118,2886,2466,2196,2524,2377
1233,1080,807,1074,1248,1143
1443,1351,1808,1451,1511,1345
3828,4703,2874,4097,3916,3946
2397,1936,2281,1954,2565,2209
4190,3318,4543,3580,4171,3554
4767,5821,4330,4531,5289,4823
3472,3281,6324,4330,3680,3717
6703,6669,5591,6516,6484,6721
5407,5309,6120,5008,6021,5883
4230,4516,4553,5207,4673,4854
7251,8048,7056,7530,7080,7656
2425,1960,3931,2001,2220,2203
3749,6142,4692,5665,4185,4463
1939,1606,3421,2376,1971,1803
5024,4815,5721,5398,5975,6069
3006,2473,3681,2758,2902,2739
2155,1897,2624,1975,2419,2397
1959,1628,2281,2191,2102,1926
1933,1365,1715,1663,2086,1869
865,860,668,803,903,870
1205,1184,1113,1208,1169,1179
2527,2052,2133,2097,2327,2468
1964,2033,1984,1967,2227,2285
1843,1410,1335,1448,1755,1848
3791,2640,2865,3172,3361,3391
3362,3559,2884,3812,3869,3380
1065,938,862,1031,997,949
1499,1289,1595,1545,1412,1377
1419,1708,1085,1522,1460,1492
5736,4661,5128,5184,5120,5281
6663,7391,9615,6512,6489,6818
2116,1753,1836,2007,2227,2052
4400,3504,3153,4811,5022,4325
1116,1099,946,1099,1290,1284
1651,1715,3922,1661,1998,1856
3913,5349,3709,3679,3504,3615
1570,1069,1038,1542,1533,1368
1031,869,751,940,1043,967
1114,1049,983,1069,1058,1012
4173,2546,4256,4050,3639,3722
2579,2469,2605,2834,2617,2713
3069,3286,3477,3094,3252,3410
1397,1265,1326,1266,1360,1299
2194,1711,2058,2465,2279,2164
4053,3231,3264,3857,3628,3716
1723,1336,1669,1548,1542,1444
1255,1088,1409,1670,1504,1383
6672,8468,5767,6805,6649,6794
4193,3791,4080,3782,3764,3723
1402,1572,1205,1475,1502,1561
1470,1331,1178,1333,1479,1455
4782,4155,3041,4513,4447,4880
1180,1173,742,1177,1392,1289
1627,1370,1317,1394,1422,1443
2907,2826,2262,2283,2791,2859
3554,3545,3941,3755,3526,3685
5977,5179,7093,4655,5546,5417
3161,2648,3403,2484,3132,3038
6076,5510,5109,5222,5873,5830
5932,4718,4135,8049,6307,5783
2367,1651,2160,2920,2704,2391
1642,1377,1187,1605,1800,1588
2187,2100,992,1912,2060,2003
5065,7305,5239,5244,5701,5755
10818,13128,10644,10491,10975,11239
4265,3455,6880,4595,3746,3635
10318,12096,9875,10183,10504,10624
4754,5063,4692,4373,5186,5230
3065,2755,4710,2866,3050,3108
2697,1813,5007,2139,2398,2221
6277,6167,7724,6517,6452,6138
8094,8520,8540,9404,9304,9746
9906,13710,8864,10025,10591,11125
7238,7816,7891,7497,7667,7850
6443,6699,7362,7479,7084,7096
3170,3224,4089,2091,2484,2651
1430,1526,2198,1680,1768,1586
4467,5353,3217,3661,4129,4506
4029,3378,4414,3900,3849,3949
2525,2313,2976,2713,2420,2399
4042,2807,3505,4063,3799,4078
12459,15989,10580,12105,13025,13882
11050,12694,10283,10953,11102,11251
5716,7563,5090,5669,5884,5993
1293,1102,1113,1065,1102,1157
1114,1126,1048,1020,1076,1079
5728,5063,5517,5769,5913,5897
1431,1483,1697,1380,1358,1424
1147,1154,1558,1092,1206,1197
5764,5025,4747,4655,5886,6520
1852,1680,4265,1857,1875,1962
2671,2578,2652,2130,2608,2730
9491,9801,8781,10208,10074,10545
1275,996,1261,1141,1221,1148
1417,1083,751,1196,1263,1289
3424,2721,3412,3225,3544,3579
1109,971,862,937,1098,1055
1221,977,1298,1132,1106,1081
1098,1063,1057,1114,1200,1241
1559,1475,1484,1311,1580,1605
6643,6127,4460,5669,6890,6891
1605,1402,2170,1459,1496,1473
2000,1489,3153,2144,1824,1729
2396,1927,2745,2390,2297,2208
12424,12675,13278,14040,11984,12104
5923,4400,7242,4646,5426,5476
1614,1251,1790,1266,1415,1332
6765,6831,6333,6724,6827,7001
5679,5612,5359,5525,5556,5715
4174,2307,2986,4079,3862,3686
8385,8434,8095,9268,8607,8372
8582,9047,8503,9795,8660,8638
7099,6771,7974,6607,6333,6631
3192,2624,4265,3281,3525,3525
6830,6963,5026,6339,6203,6050
8364,8984,8669,9706,8767,8882
2355,1797,1919,2817,2527,2338
1016,908,1437,1064,1128,1044
3690,2637,4590,2999,3481,3533
7315,9413,6583,8237,7998,8055
5256,6607,3060,5224,5737,5841
6221,5767,5628,6259,5277,5141
4719,5061,5971,3990,5222,5104
4198,3039,6694,3831,4119,3950
4263,3532,3764,4351,4639,4127
5602,4225,4460,5029,5186,5569
3852,3895,3088,3767,3837,3963
2175,1346,3523,1456,1598,1353
5648,4693,6194,4780,4768,5224
3346,2014,4618,3513,3828,2855
1231,1051,1187,1067,1266,1068
1320,1082,1159,1226,1265,1189
4838,4202,4794,5305,4788,4707
5014,6485,7677,6098,5372,5549
7857,7151,6426,7832,7566,7605
5136,4263,4729,5135,5147,5015
3637,3961,4043,4156,3622,3623
13747,17366,11433,14470,14014,14551
12660,13186,12647,12991,12798,12625
6857,7137,8317,8587,6875,6754
9419,11500,8734,9536,9668,9756
12664,15488,11674,13222,12387,12707
6353,8596,9782,5874,6047,5841
2615,3633,2986,2206,2898,2820
5494,8122,3486,6137,6743,7396
2508,1835,3310,3261,2494,2155
8013,6025,8911,8717,8151,7688
10261,11113,7288,9442,9393,9394
14741,15118,13027,13710,15127,14526
6899,7111,6481,6147,6966,7099
3357,3318,2170,3437,3243,3040
4544,5716,4710,4430,4841,4760
8433,10639,5508,8305,7640,7983
1064,1258,1094,1337,1323,1101
2159,1809,2429,1721,2003,1969
1017,951,705,989,1051,987
1112,1067,1196,1493,1521,1412
7296,7376,6351,8459,7234,7253
6208,7749,7631,5857,5866,5867
4239,4627,4219,3427,3753,3717
1294,982,927,1040,1073,1042
3855,5639,3421,3898,3650,3646
1304,1078,723,1200,1301,1203
4950,5585,3421,5776,5458,5990
1255,970,1261,1112,1435,1287
1179,1009,1168,1094,1262,1183
880,878,454,875,1016,962
848,821,454,875,986,956
935,898,510,819,974,951
1636,1611,1437,1488,1597,1495
3719,4385,2911,3820,3893,3989
1231,1102,1057,1190,1324,1287
895,959,974,1009,968,974
2753,2872,3069,3182,3036,3048
1199,1270,547,1095,1190,1215
2839,3491,2290,2912,3104,3012
1237,1392,788,1111,1413,1346
1366,962,909,1210,1252,1152
1335,1260,1456,1295,1758,1693
4059,3447,4469,4566,4427,4237
1870,1820,3217,2311,1952,1868
3192,4043,3588,3295,3143,3297
1769,2111,2272,2269,2022,1868
2872,2804,2420,3122,2838,2674
1840,1440,1493,1927,1760,1707
4087,3375,3357,3338,3922,3875
3670,4095,4516,4130,3939,4074
1805,1616,2003,1784,1872,1697
4274,3880,3959,4544,4458,4556
1653,2042,1530,1935,1926,1840
1196,988,1029,1169,1243,1144
947,928,770,818,901,900
2044,1481,1669,1817,1661,1697
1232,994,936,1112,1110,1135
1900,1605,2494,2208,1914,1828
1354,1171,1956,1975,1374,1262
1515,1258,1697,1508,1475,1454
2388,2506,2476,2643,2658,2628
1737,1489,2726,1675,1673,1740
1221,1549,2476,1243,1449,1378
802,847,566,777,850,841
785,869,733,765,853,856
1314,1220,1975,1691,1541,1486
5162,3148,3217,4054,4120,4245
8126,7854,6871,6861,8098,8817
4384,3861,4098,4720,4549,4511
5408,7265,5526,6066,6085,5468
7888,8072,8280,9087,7763,8092
4276,5368,4682,4416,4322,4213
4853,5321,6491,4681,5498,5428
1533,1734,1595,1796,1561,1586
4587,4417,5035,5292,4766,5144
1148,960,899,1375,1226,1177
1108,1343,1094,986,1163,1154
4248,3637,4766,4371,4079,3876
2454,2395,2494,2987,2713,2726
2018,2077,2902,2135,2076,2114
2242,2159,3885,3394,2541,2261
826,954,649,874,1032,948
1692,1761,1437,1636,1839,1915
3223,5244,3431,3723,3613,3869
1089,1031,1196,1016,1074,995
1250,1121,1372,1133,1307,1225
4731,3373,4534,3607,4205,4010
2232,2252,1530,1962,2067,2256
1709,2259,1854,1983,2188,2320
3396,3769,3310,3260,3337,3660
2254,2393,2466,2351,2560,2672
2203,2588,3486,2544,2569,2563
4707,5119,3412,4847,5142,5182
2695,2262,3106,2805,2427,2311
2144,1454,2337,1917,2024,1793
4344,9284,4302,5853,5012,4877
4357,3161,3755,4578,4832,4815
7101,5760,9077,6995,6507,6882
4753,6115,5378,5410,4550,4553
6765,5480,8354,7922,7096,6735
5998,6549,5016,5576,5584,6055
1220,1057,1752,1166,1197,1236
1078,930,1344,920,1069,1007
3705,3457,2921,3445,3481,3387
3863,3709,3273,3212,4240,4109
4024,3076,5461,4060,4611,4313
1837,1591,2772,2013,1976,1811
2519,2135,2967,2153,2376,2409
3643,3192,5100,3886,3756,3545
1862,1643,2096,1828,1917,1828
7178,6933,7093,6779,7147,7251
8766,7857,5675,6269,7508,7649
3172,4053,3459,3068,2984,2868
1357,1327,1901,2331,1545,1532
1794,1520,2401,1524,1631,1622
4919,5177,5202,4971,4913,4842
2555,2010,2346,2016,2472,2233
4220,3418,4172,4743,3928,3956
9305,8059,7408,8393,8299,8764
10247,13083,9513,10063,9519,9897
4361,3851,3829,3919,4014,4116
3866,3635,3598,4004,4155,4063
2099,2283,2707,1924,2054,2053
2084,1886,2615,1722,1952,2116
1399,1179,1335,1252,1226,1270
1051,963,695,869,982,1044
2089,1452,1613,1540,1739,1656
4123,3413,4553,4632,3762,3741
7897,5320,8892,6185,8029,6766
2856,2081,3764,2400,2760,2600
8861,8582,7362,8796,7997,8067
8397,7133,9040,8857,8356,8395
2027,1559,4469,2600,1936,1905
3499,2855,4108,3446,3663,3495
5114,5832,5016,4911,4856,4959
1966,1706,3106,2296,2147,1939
957,943,668,734,986,967
1756,1494,1604,1671,1629,1693
1809,1386,2819,1561,1744,1645
4996,6188,3718,4787,4787,5057
1678,1290,3217,1589,1726,1624
1257,1057,2003,1558,1423,1328
1224,1254,1465,1519,1475,1462
7220,5627,4478,6665,6821,7005
3996,4503,2874,2776,3310,3578
1866,2435,2262,1472,1972,2136
1076,1138,1187,1051,1185,1180
2967,2473,3421,2943,3364,3011
4811,3408,2559,3807,3570,3576
4292,4063,4228,4621,3667,3753
3780,2722,3505,3719,3548,3209
2943,2315,1892,2689,2554,2449
7318,5325,7854,6488,7603,7298
4454,3584,6453,4485,4739,4318
10457,10066,8243,9871,9996,10152
2076,2023,2689,1864,2132,1994
6328,7586,7492,6776,6854,6597
8240,6690,9152,8061,8981,8776
1756,1919,1511,1607,1786,1646
3483,2984,4423,3448,3341,3170
1799,2146,1817,1633,2047,2170
5793,6404,6277,5510,5789,5512
1935,2241,2225,1765,1881,1859
2336,2033,2967,2434,2431,2287
4133,3956,3616,4439,3874,3857
2631,3768,2429,2818,2990,3264
2073,1547,1808,1587,2059,1798
2540,1792,2754,2088,2298,2187
3290,4197,2522,3480,3211,3219
9235,8956,9587,8902,8614,8641
2335,2973,1780,1750,2164,2221
7969,8703,8855,8786,8374,8841
2587,3167,1938,2561,2672,2717
1902,1146,1196,1167,1500,1525
3065,2530,4590,2825,2733,2782
4353,5744,4274,5301,4413,4285
1176,1109,834,1096,1342,1295
934,949,723,893,1076,1012
2140,2509,1706,2383,2386,2377
2125,1703,2494,1926,2190,1981
1006,886,510,892,1030,1014
1016,931,964,972,1027,1023
3879,3490,4061,3234,3900,3975
1045,967,946,927,1044,1057
1605,1254,2031,1802,1561,1409
1641,1498,1474,1694,1739,1644
2730,2983,4154,3141,3286,3145
1606,1412,1168,1689,1876,1839
1638,1076,4840,1308,1368,1250
1811,1443,1752,1296,1547,1401
1472,1041,964,1304,1195,1189
1118,967,1706,998,1127,1052
1828,1611,1372,1595,1793,1824
4246,5101,3616,3894,4181,4198
2910,3150,1539,2715,2941,3033
1130,938,714,904,1082,1058
4079,3865,3366,3055,3673,3804
2100,1798,2874,2221,2233,2062
6786,4920,6500,7279,6862,6847
3539,1897,2763,3280,2445,2205
3017,2178,2911,2719,2639,2703
3317,4286,4673,3224,3683,3687
2278,2565,3115,2395,2411,2435
7253,9992,8076,7975,7447,7919
10127,12570,8929,10482,10121,10205
10175,10711,7752,10143,10166,10234
4616,4329,3394,4513,4520,4621
5592,4750,7167,6429,5605,5524
4731,4392,3700,4334,4787,4852
5603,9146,4358,5857,6046,6546
3004,2760,4692,2990,3256,2947
936,977,593,921,1097,976
1114,1083,1604,1745,1482,1244
2019,1548,2466,1518,1723,1596
5563,4392,4831,4836,4970,4953
1083,1104,974,1005,1183,1126
3304,2104,2364,2654,2958,2676
2002,1116,1196,1551,1808,1596
4578,5129,3625,5164,5088,4995
3875,3872,3829,3929,4658,4852
1537,1261,1168,1376,1528,1394
953,906,760,842,1031,931
2025,1661,1938,1777,2010,1947
3175,2720,2003,2207,3162,3324
1911,1555,1762,1895,1764,1732
3837,5131,3375,4219,4180,4387
1981,1362,1808,1769,1830,1824
910,942,955,1008,1091,1014
1162,1193,1001,1246,1220,1206
4195,3585,5981,4399,4234,4079
4555,6266,6185,5424,5523,5533
6172,6321,7557,6424,6295,6206
3881,2888,5063,4697,3980,3756
2778,2716,2828,3177,3609,3558
2417,1831,2401,2089,2115,2182
3938,3162,3737,4703,3438,3392
3954,3308,3551,3275,3473,3274
1107,1010,1103,871,1060,1005
1752,1646,1354,1806,1638,1699
2701,2828,3672,2723,3281,2803
6482,4830,7548,6760,6110,6088
9775,10812,9485,11483,10246,10611
2648,2218,2930,2642,2380,2310
3437,4223,3551,3128,3643,3346
906,971,760,853,1078,1027
890,905,547,770,993,974
1051,1143,1289,1059,1226,1175
3355,2374,5749,3503,3659,3496
10319,11535,10255,10077,10822,11253
5805,5368,5378,7176,5892,5735
4174,3674,5591,4608,4138,4056
5003,3813,6732,5813,4636,4818
5583,5006,9903,8090,6225,5484
2756,3445,2550,3432,3544,3476
3829,2355,2587,1952,2590,2660
1875,1295,1567,1741,1680,1510
951,1019,844,898,1050,1109
3627,3162,4024,3303,3708,3726
3078,3569,2281,3391,3229,3186
2345,1992,3255,2233,2338,2238
6861,5696,8567,6838,6211,6441
1677,2061,1947,1727,2101,1885
871,900,834,757,894,947
1000,1058,1382,1134,1067,1099
915,941,714,906,1001,978
6055,5083,7112,6786,6147,5906
5631,6889,5081,5613,5644,6015
3565,3290,3023,3829,3728,3847
5013,2224,6750,3531,3303,3079
4294,3195,2791,3281,3375,3614
14077,14688,13398,14256,13871,14071
5169,6337,3486,5014,5345,5392
1689,1383,1539,1503,1594,1414
3658,4132,2893,3433,3228,3298
4301,4268,5591,5638,4919,4730
6530,6154,4979,5515,6145,6302
5067,5245,6185,4853,5565,5579
5789,6535,7891,7465,6260,6130
5698,5506,5739,4995,5472,5582
1235,1176,1317,1304,1321,1261
1131,1151,742,1122,1294,1259
2499,2292,2986,2466,2684,2624
1498,1365,1261,1888,1734,1667
1625,1193,1697,1831,1765,1702
1465,1200,1252,1439,1389,1283
12182,11536,12174,12093,12620,12049
8880,7267,9356,8507,8964,8665
1533,1477,1446,1640,1416,1446
3817,4229,3347,4405,4114,4120
2944,2649,3570,2902,3179,3021
6858,7126,6333,6996,6679,6645
1187,1134,733,1137,1222,1267
4873,4934,3523,4377,4811,4962
4246,1850,2689,2250,2744,2397
1125,1007,473,935,1109,1066
1597,1890,797,1273,1400,1556
1518,1476,1400,1701,1796,1683
2998,2788,6101,3665,3417,3259
1671,1735,1910,1806,1738,1727
1719,1536,1400,1681,1694,1734
2273,1807,1715,2138,1941,1998
2160,2002,1530,2884,2396,2343
1871,1772,2828,2010,1924,1837
2638,2617,5118,4092,2828,2719
3238,3203,4988,4160,3257,3369
6391,3969,9328,7749,6019,5422
3354,2530,4516,3889,3192,2952
1529,1888,1419,1658,1853,1803
2471,2611,1650,2753,2825,2843
949,1035,946,1062,1182,1061
2301,2218,1892,2231,2524,2336
4070,3219,3792,3888,4128,3896
4800,2675,2828,2630,3770,3912
975,1016,677,976,985,996
1982,1410,2364,2313,2255,2038
3464,3271,3978,3155,3254,3372
1748,1623,1502,2228,1748,1603
1177,1153,5637,1700,1173,1192
4835,3648,5100,4864,4414,4148
2307,1963,2865,2694,2257,2233
2989,3611,2225,3014,2871,2973
1282,1147,974,1199,1237,1263
1144,1250,1205,1430,1354,1316
1656,1395,1752,1596,1548,1554
3566,2576,4553,2600,2955,2990
9222,8146,9115,9046,9031,8904
5911,6444,4543,6231,5844,5877
984,904,1502,880,997,961
985,898,1576,893,989,986
1010,858,974,950,1032,922
2489,2106,2670,2572,2470,2427
846,912,501,758,884,926
878,880,1011,837,952,889
2364,2860,1650,2285,2579,2565
1547,1377,1669,1591,1456,1465
1971,1565,2911,2327,2099,1987
2249,2102,3227,2816,2377,2362
2887,3681,5369,3194,3306,3041
8778,9135,8150,9207,8682,9003
3623,3896,4803,3809,3605,3711
2445,2191,2272,2196,2339,2326
3785,2392,3208,2702,2935,2978
3839,2816,3857,3857,3574,3623
2374,1887,3097,2494,2287,2248
7661,9206,7501,8028,8443,8207
7786,9325,9828,10174,8458,8377
6098,5864,6351,6434,6611,6493
2111,1784,2911,1983,2075,2099
1911,1657,1660,2010,1991,1869
1927,1387,1103,1534,1651,1859
3069,2622,2188,2878,3322,3509
1348,1311,816,1249,1357,1371
1962,1785,1882,1992,2015,2009
4580,3470,5220,4674,4353,4329
1455,1355,1001,1692,1398,1358
1199,1020,686,1248,1345,1285
1196,982,890,974,979,1008
978,924,751,851,921,974
814,840,686,678,862,862
840,935,482,840,928,958
2023,1620,1817,1813,1878,1799
3210,4018,4618,3661,3346,3339
4705,5402,5202,5530,5212,5372
5407,4481,6185,4905,4678,4707
2822,1749,2058,2956,2741,2439
3089,1704,2133,2613,3258,2872
2434,2170,2605,1841,2083,1938
7664,9248,8076,9801,8222,7941
6860,6192,8669,7589,6810,6902
7581,10472,7872,8192,7371,7530
1947,2363,1790,1914,2138,2256
7407,4510,3672,6334,7178,6848
1486,1415,2680,1862,1791,1461
2358,2355,2383,2128,2122,2210
1906,1835,2244,2054,1820,1848
1411,1360,983,1423,1405,1417
1621,1757,1762,1937,1771,1774
5350,5576,3579,5514,5421,5647
2487,2454,3514,2941,2589,2647
2210,2186,2439,2591,2367,2263
1412,1195,668,1205,1465,1332
1059,981,584,895,1057,1053
2060,1694,5767,2733,2295,2176
2804,2849,5415,4083,3710,3618
6321,5756,8299,7112,6804,6526
7005,7895,7204,7725,7402,7127
3545,2712,5026,3857,4292,3712
16065,15740,14910,15306,15231,15150
15573,15928,13287,14920,15706,15824
2795,1548,1697,2201,2364,2179
3797,3271,5202,3991,3703,3439
2185,1619,4395,2141,2237,2129
5867,4950,5471,4769,5939,5741
3645,4125,2522,3271,3529,3638
4605,4849,5183,4714,4994,4866
4640,2866,3894,3972,4418,4056
3072,2891,4655,2694,3000,3036
1504,1107,1113,1001,1296,1198
1101,898,881,821,1049,988
1011,926,547,754,1048,1001
2950,2632,1947,1971,2796,2659
1314,1147,1836,1654,1496,1397
3467,3712,3625,3023,3680,3683
5252,4963,3561,4023,4215,4385
1934,1398,1326,2327,2180,1996
1722,2032,2429,1777,2398,2261
4957,3887,3866,3861,4797,4603
4499,4172,4024,4828,4574,4470
4195,3102,4367,4471,4193,4237
2149,1994,1966,2107,2255,2163
3327,3846,2420,3673,3068,3402
1683,1654,2049,1659,2078,1969
1033,895,890,899,1106,1030
1412,1265,1641,1501,1486,1646
2169,2234,1650,1882,2234,2343
5568,5699,4636,5747,5527,5704
1353,1028,992,1051,1333,1293
1242,1113,909,1042,1226,1285
975,1059,566,841,1013,1041
1284,1266,992,1306,1341,1339
2371,2265,2068,2217,2397,2293
7936,7576,7807,7208,7647,7761
11447,12836,10505,12643,11768,12080
6342,5695,5183,7046,6845,7005
5989,4964,6713,6302,6292,5945
5095,5164,4580,5105,4910,5230
5095,5391,3904,5197,5120,5168
4455,5548,3904,5394,4779,4775
5876,8937,5452,5709,5847,5832
1238,1067,1094,1340,1325,1267
1868,4292,1752,1765,2411,2890
5445,7588,3208,4163,5512,6124
6192,6681,6871,5858,6490,6346
5510,6083,6815,6942,5534,5567
2380,2541,3069,2620,2540,2558
2078,1821,1790,2298,2072,1870
931,942,677,906,1034,1010
4422,3912,4015,4036,4144,4540
3423,2382,1854,3407,2858,2920
5201,6372,4191,8026,5603,5777
3906,3704,3681,3593,4391,4769
2460,2789,2281,2210,2502,2552
3807,2888,3876,2854,3314,3399
3033,2803,3347,2947,3169,3278
2748,2807,2466,2678,2723,2957
6384,5180,8354,7968,6864,6764
3880,2786,3598,3291,3474,3349
5427,4614,4451,5176,4805,4676
4114,3059,4117,3538,3771,3631
10066,8431,10227,9995,10163,10005
5353,4163,8336,6170,5952,5488
5172,5598,5183,5723,5490,5349
6422,9086,6314,7201,7481,7895
2229,1933,2958,2477,2479,2305
2200,1961,2782,2163,2249,2225
4230,4106,4414,3757,4183,4164
1097,910,955,989,1041,1014
1044,902,936,972,953,957
2960,2365,3051,2897,2865,2796
5044,5856,5359,5279,5175,5331
2076,2728,2198,2011,2334,2447
9096,12737,6880,11465,9297,9542
5538,6264,3051,5569,4928,4809
6767,9165,8669,6904,7099,7251
4036,3829,3746,4097,4355,4575
4693,6518,3885,4988,4846,5041
8272,10859,6908,7678,8611,8728
8311,8549,7473,7415,8274,8298
5790,5411,6852,6723,6704,6340
1640,1153,1344,1307,1624,1467
1886,1582,1947,1645,2111,2032
2921,2465,4441,3177,2892,2545
1026,1328,1140,1274,1321,1227
1180,1204,1066,1314,1347,1206
4760,3476,4655,3939,4377,4175
8870,9337,6342,8979,8672,8649
3847,4036,3496,3831,4397,4384
5612,6552,6268,5755,6492,6605
7321,8269,6370,7156,7922,7520
4928,3942,4840,4268,4692,4895
4580,4945,5563,4248,4513,4472
12179,13836,14919,13437,12424,12388
14282,15927,12193,14427,14011,14174
11442,11514,11303,11560,11600,11733
7478,8190,10162,8689,8268,8556
5413,5384,6824,6251,5640,5400
4868,3021,5128,4070,4637,4387
12300,11665,12276,9136,11340,11340
7113,5962,5369,6433,6725,7024
3367,2375,3663,2699,2986,2854
17431,15920,16467,16949,17972,17394
17546,17778,15086,18426,17031,17008
3070,2724,3496,3706,3229,3034
1367,1464,1400,1245,1467,1374
8552,10231,8419,8301,8373,8552
4576,6005,3440,4087,4050,4413
10038,13154,11275,10507,11535,11849
4685,3527,4766,3660,4122,3901
2319,1876,4951,2265,2351,2136
1425,1121,1113,1125,1308,1208
969,921,1011,955,944,977
1195,1124,1623,1400,1551,1301
4782,3843,6491,6007,5056,4998
7669,5690,10042,7235,7381,7603
4739,4272,6277,4599,4714,4852
5246,4348,5072,6133,5298,5027
4682,4236,5035,4002,4884,4907
2254,2569,2235,1942,2225,2254
3486,4068,4237,3591,4131,3937
2604,2809,6101,3238,3414,2991
2321,1930,1882,2401,2093,2089
2438,1934,1530,3091,2485,2504
3943,2006,3514,3040,3088,2851
2650,2044,2791,2632,2697,2512
2535,2023,1771,2383,2385,2346
6162,6898,5229,5997,6660,6591
1946,2745,2142,2089,2435,2288
3111,3327,4135,2885,3127,3359
2994,2922,2670,2895,3057,3112
4205,4952,4441,3872,4260,4597
4246,4022,5257,3966,4386,4545
3483,2800,3598,3183,2985,2992
3312,3172,3663,3532,3320,3274
5724,5616,4877,6873,6411,6618
2555,2619,3672,2014,2486,2403
5262,3669,10227,6627,4937,4917
3542,3446,5767,3376,3887,3875
1073,918,1567,881,1066,1025
5229,4852,5563,5600,5524,5324
4352,3422,3904,3754,4135,3976
2669,2036,1697,2935,2296,2280
2149,1683,1289,1816,1771,1803
1249,1194,1344,1246,1555,1441
846,904,658,886,927,943
890,848,927,1088,1016,924
1134,1052,566,1019,1117,1103
1852,1479,992,1410,1729,1713
3170,2640,3069,3225,3410,3048
4809,5678,4469,5010,5317,5414
5522,4208,3959,4047,4219,4222
3887,2605,3523,2855,3425,3508
3036,2346,2689,2687,2805,2796
4098,4466,4766,4663,4219,4173
1988,2181,2587,1917,1964,2039
1377,1664,955,1651,1632,1732
1531,2305,862,1833,1864,1826
2238,2992,2949,3082,2781,2862
5305,6834,4645,5578,5627,5704
8048,10071,7047,8106,8566,8884
6077,6128,5906,5465,6022,5702
11053,9723,6101,8617,8034,8520
8007,10529,7427,8429,8614,8621
3657,3701,4284,3852,3685,3642
6985,6659,6546,5518,5774,5879
1731,2093,2550,1886,2188,2061
5513,7153,6231,8526,5781,5903
3877,3752,6212,3768,4033,3648
6666,6315,6481,7222,6640,6896
1118,1088,983,1136,1268,1266
1097,1069,677,1097,1204,1189
1362,1212,612,1228,1297,1272
5086,4688,4265,5663,5654,5289
1472,1804,881,1515,1705,1600
6299,4812,5990,5242,5662,5964
4601,5535,4098,5619,5494,5416
3890,4026,4534,3984,3919,4056
1281,1227,1048,1285,1300,1310
3304,2490,4979,3684,3382,3112
3489,3075,3403,3606,3542,3549
5858,5825,5739,6882,5699,5646
4603,5876,2624,2701,4001,4510
7201,7039,7381,7814,7463,7152
8189,7770,7353,7361,7614,7695
8270,8720,8401,8332,8558,8527
2848,2716,2652,3149,2918,2784
5172,5796,4284,4998,5132,5119
7505,7077,6565,7023,7241,7286
6396,5810,6973,6510,6210,6089
10384,10895,11154,10717,10711,10771
13866,13014,13074,14258,11569,11564
3706,4411,3755,3671,3862,3933
2369,1217,1632,1616,1647,1629
1246,1101,1001,1071,1389,1341
1656,1809,2012,2067,1734,1750
1665,1269,1530,1630,1578,1434
3364,3432,3329,3495,3532,3699
11353,15199,10839,10839,10989,11428
3030,1856,2605,1749,2069,1881
8983,11595,8234,8516,8361,8144
6728,8994,5545,8080,6723,6596
6558,6378,5767,8352,6800,6853
1065,1025,566,930,1033,1053
2807,2980,2643,2667,3430,3408
3418,2413,3700,3034,3331,3156
3990,2559,4376,4306,3314,3163
6272,5231,6908,6602,6209,6163
2296,1663,2531,2272,2112,1881
5748,6218,5313,8305,6288,6088
7408,6969,6045,5274,6020,6080
2523,2040,3523,2211,3033,2468
6316,5769,5860,5991,5942,5968
6645,6480,7353,7651,6821,6797
2076,3333,3041,1980,2325,2421
3674,4396,4451,4514,3968,4005
2875,2658,2745,2838,3024,3165
1585,1286,1307,1441,1598,1554
2120,1913,1409,2063,2138,2085
1865,1846,1725,1727,1832,1866
9590,8020,10700,9082,9032,9258
10226,9773,8725,14040,10790,10610
9302,7306,10320,8872,11195,9425
1670,1504,1094,1585,1564,1538
5287,5476,6435,5672,5409,5535
4578,4244,3523,4504,4634,4678
4710,3748,4200,4708,4842,4973
6292,5003,5684,6426,5995,5710
6852,7831,6713,7864,6681,6339
2307,2554,2661,2237,2702,2744
9129,11296,12100,10285,10471,9987
6469,6394,6055,5586,6861,6908
4528,5351,4228,4554,4550,4862
4890,5179,3477,3399,3820,4080
5505,6917,4738,5621,5264,5303
5415,5796,8697,5499,5252,5336
4836,4901,6694,4681,4563,4704
4673,3190,4033,4741,4969,4703
2708,2828,2633,2429,2647,2767
1224,1569,1307,1148,1266,1409
2006,1916,2355,2088,2093,2084
2216,2477,1604,1644,2138,2195
1504,1148,1484,1392,1493,1436
1302,1262,936,1038,1369,1404
1603,2166,1233,1483,1682,1797
5074,5979,4627,5701,5314,5367
1519,1561,1261,1842,1576,1718
1140,1132,705,1216,1256,1335
2323,1366,1817,2223,2031,1885
1857,1413,3783,1663,1648,1557
2825,2279,2216,2644,2860,2870
4287,6065,5007,4566,5140,5279
7881,10083,8855,9174,9369,9365
2633,1992,4812,2989,3258,2994
4971,6084,3885,4810,4465,4834
1062,911,779,842,1038,1016
992,895,992,997,1086,985
886,924,427,829,950,977
925,852,491,827,1033,998
1392,1339,1029,1329,1395,1396
961,921,909,1014,1045,1028
2891,2480,4358,2944,2929,2728
5124,3273,6166,3893,4531,4688
5661,4792,9458,5094,5870,5854
8448,9852,9597,10553,9227,9102
8609,9220,9161,8750,9271,9273
2236,1338,1159,2082,2282,2053
8303,9226,7381,8952,8522,8647
3179,3935,2522,3354,3905,4089
7393,7381,7334,7580,7821,7471
5138,4782,7974,5440,4891,5140
14022,16509,12972,14559,14512,14643
16184,17416,15345,16417,16624,16222
22607,26124,21697,22379,22719,22717
10901,12956,13287,10703,11015,11303
12532,13419,11748,12293,12050,12630
10535,7429,4710,8333,8506,8601
4257,5070,6351,5409,4804,4693
8603,7217,10941,8687,8261,8483
7541,7208,6824,7774,7089,7102
5677,5403,5582,5512,6169,6204
9360,8648,9235,8301,9479,9353
10614,9782,6685,8725,9312,8861
9838,13394,8122,10869,9469,9881
5900,5311,6073,5684,6042,6318
1836,1896,2012,2250,1906,1874
2326,2113,1150,2670,2030,2129
2267,1289,964,1300,1448,1501
1606,1704,2077,2126,2033,1981
3112,3686,4043,3861,3536,3461
1454,1239,2587,1686,1594,1538
4225,5046,3143,6062,4644,4668
6125,7638,4896,6324,6087,5722
2564,1791,1530,1983,2124,2106
1001,940,1382,980,1199,1129
1971,1713,1530,1901,1801,1928
5257,4130,4145,4878,4608,4763
3460,2803,2531,3447,3314,3343
4005,4146,4024,4044,4281,4288
4451,4303,3996,4019,4490,4523
964,896,612,763,1008,986
850,823,631,728,986,946
938,820,464,798,923,929
2590,3684,1493,2532,2364,2544
1830,1307,2476,2062,1729,1740
7465,6153,4886,5974,6568,6179
1822,1386,1771,1720,1825,1873
1605,1267,1539,1371,1292,1304
1955,1920,1947,1702,1762,1856
1689,1718,1242,1685,1751,1791
2549,2074,1539,1996,2597,2537
4479,4294,3579,4862,4388,4708
1348,1289,2262,1181,1310,1266
3335,3055,2605,3402,3206,3288
6076,5684,8438,6993,6619,6593
4716,3859,3570,3970,3970,3915
3132,2358,3171,2465,3147,2672
7258,10183,7816,9496,8901,9498
1870,1479,2698,1491,1912,1808
3615,3825,2958,2726,3633,3546
6797,5734,9671,8450,7131,7379
10659,12448,8215,9965,10735,10905
10943,10195,10338,10793,10152,9990
6364,6264,5406,5502,6223,5931
4228,4528,3802,4508,4111,4221
1626,1161,1252,1303,1466,1443
3138,2520,3672,3714,3374,3078
4722,3957,4154,4779,4792,5065
3131,2820,3041,2745,3160,3338
7109,6993,6120,7665,6541,6613
1666,1162,1669,1691,1694,1594
4864,4419,5730,4985,4717,4797
6943,8593,5257,6903,6631,7052
7542,7467,6287,6969,7618,7443
1374,1215,1372,1336,1464,1331
1184,1131,1001,1046,1144,1191
1517,1243,2077,1487,1610,1512
3345,3013,5443,3681,3535,3710
7519,7948,6871,7415,7242,7653
5710,4807,7659,5804,6075,5640
3899,2995,3319,5649,4746,4122
5442,3936,5146,6744,5746,5603
2811,2528,2272,2409,3241,3340
20802,24483,20334,21948,21877,21659
3984,4146,3060,4517,4033,4062
4760,5356,5841,5738,5233,5170
13065,15588,11544,12580,13707,13476
4709,7360,4636,4490,4996,4822
7577,7094,7056,6600,6812,6703
5703,6813,5155,4925,5628,5415
2053,2499,2605,2543,2721,2819
1058,994,853,898,1056,1030
1802,1624,1335,1364,1737,1779
3426,2182,3245,2331,2826,2763
3785,5077,2253,3079,3728,3700
1876,1500,2086,1717,2179,1846
3884,3720,3227,3438,3644,3365
1136,1041,1892,918,1225,1095
1303,1446,1224,1250,1243,1263
2818,3069,2670,2938,2977,3068
5958,5839,6444,5488,5420,5125
5484,4386,4228,6441,4974,4777
1738,1965,2401,2205,1772,1684
3178,3510,1706,3417,3090,3211
2088,1809,2485,2079,2150,1977
6060,6425,6018,5564,6401,6534
1140,976,1020,962,1121,1019
2693,2241,1938,2524,2316,2222
3196,2449,1864,2718,2718,2540
2042,2091,1567,2210,2085,2008
1149,990,853,1262,1214,1046
2095,1945,1836,2086,2097,2012
1884,2046,1595,1695,1782,1704
1645,1756,936,1277,1416,1443
3723,3442,3301,3865,3450,3555
4958,4786,3607,4681,4485,4642
7241,6828,7640,6414,6668,6728
7237,6732,5879,6790,7285,7306
8189,6970,9587,7873,8335,8019
9641,12108,9235,9607,9713,9925
8993,7472,7956,8811,8562,8175
12687,9708,12193,12919,12087,11081
12851,12838,13574,12391,12704,12704
4568,3494,4692,4576,4337,4146
12157,13760,11905,12416,12540,12847
3051,2803,5257,3243,3338,3233
2086,1551,1502,2924,2280,2237
904,897,362,797,1054,936
911,897,621,848,1046,1012
3375,3062,2596,2955,3400,3197
5603,6087,5656,5573,5820,5927
3672,4146,2986,3968,3595,4101
2332,2173,2262,2365,2340,2332
5401,7110,4274,7127,5071,5110
4924,4747,4052,4897,5008,5113
6015,5827,4729,5069,5756,5673
3253,4924,2207,3283,3059,3170
4880,4838,4080,4642,5351,4911
1117,1197,807,975,1118,1107
878,896,612,796,984,933
1281,1149,1048,1196,1316,1283
2796,2285,2958,2699,2802,2150
3443,2250,2698,3362,3050,2738
1779,1598,1743,2054,2005,2045
1252,1070,1317,1119,1335,1139
3477,3349,3338,3838,3771,3823
1190,1124,881,1033,1138,1193
1130,1011,1233,1002,1187,1171
2579,2070,2188,2563,2467,2491
1044,982,1103,1019,1005,985
1088,1008,1456,1000,1094,1117
1584,1175,1326,1543,1574,1512
1019,906,491,906,957,930
1052,1373,733,1026,1196,1272
3144,3611,2763,3473,3502,3653
6183,7711,6249,6245,6404,6549
2043,2113,1762,1664,1665,1591
2960,3614,2012,2089,2875,3316
4845,5704,5267,4232,4895,5209
6910,9040,7640,7199,6811,7039
6878,7011,5925,6242,5515,5699
6376,5231,5016,7178,6459,5900
2732,2288,2911,2680,2763,2912
1176,1089,760,1287,1188,1202
3672,4279,3153,3593,3529,3769
984,1048,547,966,1041,1072
4610,5388,3440,3978,4934,5397
6288,5276,3885,4690,5274,5506
1435,1374,1808,1445,1469,1490
3681,4220,6147,4566,4542,4335
3319,4481,3217,3334,3634,3717
3750,5263,4321,4297,4093,3994
6138,5060,6175,6360,5860,5759
2769,2510,3839,2677,2988,2848
5115,4817,4970,4648,4997,5152
7440,8617,8790,7941,8758,8523
6995,8574,5498,6583,6915,7057
6531,7108,4358,6830,6649,6799
4362,4218,4145,4442,4158,4170
6548,5308,5897,5815,5459,5508
2821,1811,1873,1874,2351,1951
3913,2915,3069,2463,3356,3024
5575,3820,6963,4987,5650,5285
3158,2283,4182,3570,3492,3327
4691,5762,5044,4594,4937,4976
2678,3953,4089,3263,3283,3314
13623,14969,13306,12548,13472,13743
10204,10971,11164,10051,10066,9776
11470,13895,10941,11723,11886,11828
6286,7065,7362,7502,6894,6583
12213,14764,12323,13271,13004,12724
3094,2610,2995,3079,3287,3354
1281,1447,668,1109,1187,1336
2447,2243,1743,2124,2270,2256
2710,2526,2615,1910,2660,2608
3185,2518,3236,2056,2701,2664
2706,1799,7816,2142,2519,2261
7370,6870,7798,7208,7455,7498
6000,5065,4376,5438,5575,5654
4765,4805,6555,4245,5129,4994
2220,1578,2207,1645,1968,1901
2347,1725,3217,2108,2082,2038
8605,8886,5155,7262,7392,7556
1693,1476,2290,2076,1720,1810
4539,4994,7223,4835,4516,4628
7820,8825,10969,8887,8186,8253
2605,3760,2578,3024,3102,3364
4276,3663,4414,4188,4316,4676
5306,5484,6045,6410,6657,6648
3438,2227,3347,3132,2885,2874
2992,2294,6110,3433,3012,2884
4292,3328,5461,3939,4391,3893
2736,1639,5730,2653,2494,2221
1107,1094,2096,1211,1154,1090
2028,1641,2624,2357,2164,1923
1518,1347,1428,1343,1365,1435
1779,1354,1752,1572,1711,1652
1984,1725,2689,2199,2224,2130
5721,6242,7900,6500,5567,5853
4042,3544,4006,4104,4095,4018
4591,3355,3968,4702,3974,4106
2667,2441,2865,2348,2410,2621
7968,9714,9254,11163,9125,9420
5499,6010,4692,4778,5596,5819
4113,3060,5934,3905,3856,3964
1094,1246,1122,952,1142,1155
4825,4224,4265,4671,4428,4510
5514,5100,5786,5557,5445,5675
4279,2922,5471,4193,3697,3786
4616,4240,6472,4437,4465,4629
1650,1160,1521,1145,1983,1798
895,851,760,857,867,929
723,807,714,677,791,865
760,806,1001,678,773,831
821,903,640,718,887,915
792,848,399,743,855,896
1231,1108,946,1168,1283,1272
3059,2549,2476,2732,2750,2907
1180,1065,1187,1171,1174,1181
846,826,807,724,851,871
778,760,974,681,766,774
741,787,770,693,787,814
830,818,1029,746,864,851
997,893,1836,1479,1143,1103
1058,1091,1502,1260,1181,1109
1028,1009,964,1230,1107,1126
1198,1142,1354,1257,1315,1299
1344,1567,1790,1885,1449,1496
1629,1239,3449,2408,1769,1590
3178,2429,1882,2653,2759,2967
9599,9502,5517,9379,9290,9427
1924,1392,1530,1848,1900,1952
3810,5201,3598,4245,4190,4338
2075,1622,3931,2079,2079,2041
2106,2102,2096,2331,2112,2111
1386,1220,1233,1298,1474,1522
3580,4779,3264,4409,3807,3866
3437,2692,2040,3146,2862,2740
1342,1053,1446,1228,1582,1612
787,806,705,785,882,868
840,773,621,755,876,867
844,862,668,943,962,999
1080,855,1790,1589,1362,1090
1105,963,788,1071,1105,1093
884,784,723,1070,1164,1023
1097,965,788,1243,1312,1255
1071,1026,723,1033,1188,1189
1811,1481,1335,1777,1901,1900
1639,1221,1502,1413,1551,1631
952,963,974,964,1014,1040
2269,1753,3857,2559,2019,2057
3883,2758,2327,3050,3421,3569
1910,1416,1641,1587,2080,1813
4264,3482,5053,4262,3889,3890
6114,10133,7325,7072,6667,6730
6253,5850,5795,6268,6559,6670
4592,3761,3106,3232,4104,4542
1138,1129,2021,1132,1245,1341
2981,2826,3301,3124,3108,3249
1563,1548,1242,1226,1455,1481
1170,1103,964,1012,1109,1153
2298,2390,2049,2698,2439,2420
5600,5681,4886,5852,5616,5840
1113,1071,1001,1134,1183,1205
1609,1521,1854,1691,1742,1694
3271,3442,4673,3416,3388,3460
7832,8089,7288,8638,8049,7817
5313,3270,6546,5393,5132,4746
7857,6685,5387,7605,7523,7831
7320,5690,6861,6932,7211,7249
6651,7449,6287,6217,6617,6617
8567,7696,10264,8048,9008,8795
12808,12475,12082,12452,13170,13292
2713,2414,2299,3112,2694,2565
1451,1335,1864,1515,1730,1652
1254,995,779,1009,1145,1153
973,958,844,1035,1094,1080
1222,911,2272,1087,1111,1056
2795,3114,3468,2666,2502,2696
5252,8059,5739,5696,5631,5975
3211,3219,4274,2769,3146,3289
3012,2841,3996,3322,3144,3164
6612,7880,5804,6984,7089,7360
2874,1599,3301,2407,2641,2422
4191,2703,5128,3435,3615,3590
2748,2073,3134,1984,2259,2275
3532,4848,3078,3725,3659,3787
890,900,417,799,955,978
767,760,491,705,789,846
935,808,575,821,904,918
1055,958,733,1152,1123,1137
2568,2114,1836,2223,2233,2219
2568,2099,2643,3121,2967,2962
1493,1252,927,1310,1362,1366
920,869,797,797,872,963
833,878,658,763,919,964
7833,9169,7557,7653,7950,8061
7834,8117,6917,6189,7076,7408
2438,2846,5035,2124,2413,2592
4485,3700,5508,5717,5083,5108
2057,1580,3041,2217,2021,1873
5004,3738,7529,4450,4664,4592
9352,13253,7983,10066,10078,10362
2471,2009,4655,2703,2390,2316
2034,1603,1882,1740,1775,1782
4808,3776,3533,4579,4231,4298
3651,3541,5545,3960,4109,3895
3048,2895,3718,3055,3205,3097
4936,4924,6898,4967,5484,5588
1016,946,992,860,1096,1041
5929,4889,5072,4696,5376,5622
9497,8211,10107,11276,10100,10088
6192,6569,5007,7082,6400,6292
2041,1363,2031,1790,1844,1686
6702,7530,5758,7277,7194,7409
8819,7540,7019,9193,8936,8798
7069,7747,7742,7405,6681,6756
3358,2710,3468,3121,3339,3060
3126,3624,4682,3392,3639,3788
2253,2385,1892,2740,3369,3526
10284,13083,9801,11497,10848,11043
4987,5354,5350,5096,5156,5146
11317,14321,10950,12343,11767,11637
3507,2607,6175,2781,3238,3276
9715,9515,13064,9836,9521,9751
2076,1305,1975,1347,1695,1589
2561,1451,1901,1638,1946,1695
1436,1265,2114,2404,1635,1455
3451,3410,3208,3442,3453,3502
913,939,612,834,967,1030
838,850,612,887,845,912
749,845,705,751,828,925
936,890,844,881,968,1041
839,887,454,823,957,955
1404,1212,992,1112,1320,1374
3945,3751,4627,4811,4292,4550
5105,4569,8465,5166,5502,5333
4784,4712,6657,4326,5427,5172
8340,9260,8725,9175,8587,8952
5385,5568,10394,5373,5896,5991
5003,5899,5786,4748,5038,5462
4578,3895,4404,5068,4689,4405
7577,8486,5239,8106,7631,8038
5249,5587,5192,5078,4776,5274
1301,1334,1456,1625,1378,1457
1268,1106,1233,1087,1483,1375
7662,6785,6324,6626,6744,7126
10097,6931,10552,10229,10152,9979
5737,5530,5749,6364,5954,5747
10179,12974,7483,9987,10944,11397
12148,12061,10042,11269,11218,11740
11344,10936,10311,11061,11471,11615
1930,1656,1604,1817,1809,1876
1083,1148,1085,1062,1268,1209
1050,1050,677,931,1059,1137
4773,5015,4849,4738,4372,4675
9801,8858,6481,9520,8996,9481
3415,2621,4182,3111,3345,3365
3014,3507,2633,2792,2966,2904
1525,1184,1632,1358,1358,1329
1590,1143,1242,1257,1314,1310
3915,4605,3718,5069,4315,4499
5597,5889,4274,5493,6007,5848
18659,19053,16727,17881,17929,18312
8386,10916,6778,8418,8591,8935
6270,7762,6453,6862,6635,6597
9815,9663,11488,9294,10184,10225
1736,1334,2967,1536,1791,1898
2407,3000,1752,1861,2406,2625
2522,1778,2476,2319,2435,2166
2879,2217,2531,3038,2881,2751
6092,5873,4859,6049,5405,6142
4910,5052,5526,4836,4402,4546
5686,6796,5331,6093,5218,5469
2971,2065,2383,2660,2600,2530
894,980,695,832,1023,1076
3062,2326,3459,3293,2752,2850
3870,2883,3570,3729,3345,3316
7666,8061,8540,7601,7793,7913
6299,5935,4414,5272,5186,5441
9350,13555,6611,9469,9407,9558
3351,3365,2643,3617,3663,3431
1811,1238,2374,1933,1560,1521
7039,5054,6732,7614,7011,6736
10331,11592,9717,11665,10805,10639
7349,7299,6546,6539,6778,6887
6578,6835,6843,6395,7035,7174
6520,6011,5526,4911,6492,6362
8089,10022,6305,6542,7002,7242
5361,5148,5851,5074,4740,4950
6616,7011,8252,6960,7895,7492
4232,4600,5591,4200,4631,4075
6628,9187,4506,5542,6765,6860
6318,6182,6259,5591,6055,6349
4989,5085,6936,5601,5329,5292
3811,3130,3588,3757,3567,3701
7930,7039,5489,7606,6866,7119
9454,9364,7520,9355,9516,9918
2013,1767,1994,2142,1969,1982
6279,5964,5600,6191,5923,5576
2870,2226,2828,3593,2888,2817
2032,1677,1956,1651,1851,1819
1416,1972,1187,1899,1644,1655
1148,996,751,989,1050,1068
3151,3675,5090,3306,3124,3108
10863,11487,8187,9884,9686,9793
16825,16416,14390,16654,15808,16341
3918,2367,5563,2963,4209,3724
5602,6237,7566,6915,6287,5933
1461,1576,1688,1698,1653,1516
3625,3436,2717,3793,3340,3521
1063,1025,547,925,1060,1092
1960,1701,1446,1835,1820,1898
3629,3710,2745,3766,3287,3106
4114,2756,6546,3603,4540,4382
4181,3777,4460,4646,4339,4409
4279,3973,3561,5019,4222,4219
12062,10721,14641,11742,11534,11452
9901,10870,9856,9727,10169,10054
12675,13715,13704,12350,12921,13038
3683,3025,3449,3585,4194,4152
1409,1672,2049,1255,1562,1534
1065,978,946,1009,1041,1067
7022,6457,6546,6914,7107,7097
4096,4421,4006,3766,4251,4226
5762,4296,4497,5512,5104,5420
8965,9135,9374,8941,8484,8790
3163,2386,3839,3187,3154,2962
2167,1369,1558,1491,1965,1758
5554,4556,5128,4386,4583,4647
7860,8860,6546,8232,7968,8264
9144,12042,9050,10292,10081,11085
3122,3482,3069,3038,2936,3115
3868,5791,3366,4118,4035,4338
1068,951,695,912,909,1026
6025,6394,7937,6408,5476,5935
2318,2482,2791,2218,2503,2651
4082,4404,3987,4168,4001,4153
3441,3081,4006,3823,3788,3832
5319,3847,4692,3852,4812,4755
1268,1094,3700,1084,1240,1241
4523,4550,6898,4809,4276,4262
6289,6795,5535,6763,6570,6912
1950,1631,2188,2546,1942,1920
2095,1405,2596,1813,1987,1991
7005,7072,8873,7436,7144,7268
10209,8898,8456,9388,10264,10142
5077,5497,5341,5317,5846,6047
907,996,399,807,951,1017
881,879,325,743,926,942
895,883,529,880,901,972
939,918,445,843,943,1046
1238,969,927,1196,1232,1196
1273,1273,1344,1590,1360,1346
1347,1465,927,1392,1568,1696
8837,9016,7390,7219,7981,8495
16211,16706,15345,17032,16274,15934
10887,11954,10672,11728,11270,11526
3971,3045,5573,4464,4431,3811
3636,3013,3273,3256,3736,3953
9912,11775,8595,10721,9923,10472
1157,1093,964,1027,1170,1280
2864,2559,3347,2431,2780,2936
3782,2741,3134,3801,3415,3487
2513,2854,1752,2209,2678,2725
2893,2713,2272,2914,3059,2979
7301,8275,9856,10158,8037,8252
4075,3972,2439,3213,3666,3865
2613,2327,2680,2628,2576,2502
9199,8279,12592,10706,10298,10268
12562,12775,18609,15381,14452,13935
2536,1927,3060,1928,2241,2109
7099,7702,8957,6474,7217,7413
9560,6961,9179,10917,9234,8807
14022,14498,14604,14311,14198,14457
12090,11489,13380,12036,11346,11058
12341,14361,13584,14198,13328,12811
5316,4423,4525,4084,4733,4300
3860,4966,4747,3709,4297,4417
18576,20221,21168,19125,20041,19609
9625,8802,10162,9545,9289,9216
3883,2987,3088,3675,3424,3171
5516,6170,4080,5804,5608,5644
2489,2816,2828,2819,3121,2849
2956,2792,2698,2374,3181,3452
2617,1887,2429,3266,2280,2208
2416,1696,2494,2104,2178,2142
12915,11566,16755,14864,13134,12531
7646,8379,7204,7249,7614,7008
12900,15857,15012,12993,13428,13490
7258,7921,9096,6971,6984,7178
4962,5744,4414,4377,4510,4573
2166,1509,5730,3196,2206,2189
1732,1439,2012,1643,1579,1671
6242,5638,5063,6107,5829,5909
11398,10233,11034,10583,10854,10892
13665,15343,10876,12773,13042,13231
10230,11755,10709,10397,9707,9925
12500,13137,12916,12987,13032,12849
7733,6730,9309,7082,7404,7453
12179,12545,13788,13461,12876,12596
5718,5420,6129,6321,6028,5990
18612,19208,16755,18720,17897,17622
3781,4675,5693,4169,4250,4033
1795,1319,1456,1806,1703,1691
981,897,547,839,1028,936
1536,1589,1150,1466,1732,1730
3133,2479,3051,3147,3378,3200
4052,3816,2466,4347,3585,3555
8073,7450,10904,9033,8505,8652
6331,5845,5508,5777,5832,5739
2888,2248,2272,2511,2417,2769
6583,5449,7056,7177,6683,6203
8385,9072,6676,8498,8675,8044
5715,4289,5063,6397,6058,6019
5698,5233,5508,4535,5183,5444
4462,3389,4488,4201,4030,4124
3837,4225,4154,3967,3938,4220
4199,3244,3217,2725,3518,3530
2931,2469,2355,2242,2670,2724
9893,10061,10236,11640,10496,9584
6470,5339,10144,8498,6850,6330
9886,8503,12554,9869,8435,8226
22231,25214,19036,21496,20559,20986
10622,9057,10524,10846,10075,10155
7468,7292,10227,6505,7129,6996
12953,10188,10663,12202,11915,11755
7863,5521,8252,8009,7690,7383
5875,4682,7288,5498,5642,5511
15266,15665,11599,15029,15137,15504
1138,932,742,972,1050,1062
3619,5544,2930,3998,3750,3827
7843,10185,5406,9328,8693,8359
1085,1091,1085,1160,1132,1162
2393,3049,3115,2432,2667,2688
2542,2311,1947,2421,2471,2657
1506,1339,1660,1673,1581,1524
2378,2187,1910,2360,2375,2266
6328,9606,4868,6571,6347,6718
2078,1388,2522,1807,1942,1662
3954,4315,2902,3936,3773,3921
4655,3687,7826,4936,5018,4901
4388,4864,4942,4872,4348,4302
9035,10046,7473,9257,9584,9688
7299,10007,4237,7442,6695,6616
4787,4293,3421,4983,4610,4481
1436,1628,1706,2152,1767,1585
2638,1803,2735,2766,2547,2339
1214,1183,1298,1130,1198,1142
958,967,612,899,1062,1017
972,913,464,815,924,957
1161,1096,1140,1131,1154,1142
6336,8018,5795,6571,6429,6405
4257,6526,4831,4777,4837,5428
2426,2327,3051,2506,2218,2124
2487,2216,4117,2618,2806,2773
4543,4658,4312,4363,4659,4819
3357,2608,2967,2894,3694,3539
2176,1296,2541,1520,1638,1664
971,1060,816,926,1050,1080
1555,1792,2272,1324,1343,1339
1091,1153,1048,969,1064,1120
1205,1335,1966,1333,1390,1270
1327,1353,3468,1729,1563,1516
992,1001,1354,899,972,1003
3283,2162,4636,3264,3041,2932
3549,2805,4163,3890,3101,2818
3227,2572,2939,3404,3262,3232
3070,2337,3143,2781,2972,2872
9403,11775,9764,10052,9734,9251
6308,7411,5480,6053,6996,7108
6406,6601,7102,6964,7184,7102
2390,2285,2077,2352,2418,2328
2274,1328,992,1529,1524,1495
1410,1347,1827,1242,1416,1476
4888,4751,3394,3923,4278,4470
1250,1077,1252,1068,1201,1183
2825,2231,2049,1993,2288,2312
7627,9927,5712,7015,7172,7177
10573,13133,7946,11227,10226,10295
2949,2181,4321,2683,2766,2554
1091,1003,1168,1320,1137,1068
4660,4375,3421,2471,3814,4105
7595,6700,5962,7791,7432,7650
6942,4056,4636,5962,5884,5970
1526,1154,1122,2010,1501,1362
1163,1172,1140,1129,1207,1363
1183,1063,1428,1214,1204,1275
1133,1023,1103,1038,1051,1143
1158,1056,862,1033,1087,1153
1036,1236,1057,1059,1165,1227
3419,3549,3718,3103,3149,3201
988,914,686,809,1018,1021
1002,931,1298,927,1044,1035
1041,1011,705,1005,1054,1111
5377,5017,4886,4395,5285,5238
2978,2472,3273,2652,2729,2729
3427,2721,4052,3274,3520,3577
2678,2405,5007,3088,3144,2952
2140,1308,2494,2694,1917,1783
5490,4791,4441,5420,5460,5500
20644,22741,18989,20875,20074,20555
14969,17793,14205,15630,15125,15025
13660,13084,13064,14168,13653,14114
8505,8476,10376,9143,8728,8740
9299,10152,8475,9356,9518,9782
4774,4785,4905,5154,4988,4861
16643,16954,14437,16250,16602,16655
11188,11081,11674,11902,11152,11038
12090,10951,13547,12013,12441,11995
5795,5374,6120,5459,5653,5729
8637,10271,7279,9724,8680,8668
12759,12655,10784,12618,12248,12430
18762,19571,20315,18518,17935,18142
9934,10990,8938,10210,10230,10171
2204,1735,1845,2226,2473,2335
2646,2372,2550,2509,2729,2619
4281,5859,3051,5097,4644,4654
2254,2079,3143,2158,2868,2669
3636,3082,3625,3477,3416,3566
2044,1236,2049,1396,1661,1704
1714,1281,1595,1359,1414,1738
4187,4296,3774,4461,4280,4243
9790,10853,7121,8700,9060,9351
5091,4461,7028,5871,5413,5287
10501,10794,14372,11705,10872,11025
13520,17041,15114,15312,14194,14501
13299,14066,8957,12304,12192,11554
11409,12122,10542,11193,11276,11326
19527,20013,19917,19906,18453,18334
11294,10876,8985,9887,10517,10598
16523,16405,17200,17258,16706,16768
3825,3487,4859,3934,4000,3917
6644,6006,5118,6434,6461,6481
13339,13621,12833,13560,13326,13755
4789,3444,4423,4715,4766,4855
6042,4597,4896,6112,6022,5973
7907,6110,7214,6072,6297,6123
4728,3682,5183,4984,4796,4577
7973,6515,7075,6801,7341,7641
3728,2376,4673,3696,3584,3259
6096,5989,5304,6171,5746,5779
4413,5626,2911,4034,5113,5096
1326,1066,862,1180,1194,1246
2459,1986,3041,3278,2399,2461
2727,2185,4395,3612,3275,3119
5039,5474,5276,5297,5839,6032
2853,3244,2401,2413,2852,3022
2605,2764,2031,2278,2459,2595
2781,2428,2503,2708,2905,2730
3374,2541,2791,3343,2680,2792
1398,1166,1419,1335,1364,1376
3563,4711,4478,3334,3365,3538
8576,8506,7093,9181,8808,8872
4323,4064,3802,4277,4520,4595
6153,6154,4738,7297,6492,6369
3907,3007,10607,3563,3943,3908
2055,2117,4432,2018,2118,2228
2634,2675,4720,5631,4142,4014
3719,4155,3625,3942,3834,4028
2213,1603,2541,1923,2194,2157
8236,7503,8614,7792,8259,8071
8428,9546,9810,9471,8574,8377
11912,13602,9467,11416,10759,10709
7738,10419,7761,7919,8447,8398
9224,7868,9430,7217,7746,7895
5546,5246,6908,6314,5143,5208
5285,6294,5322,5011,4928,5200
2152,1579,3078,1859,1832,1813
2203,1502,1595,1827,2136,2217
5183,5721,7557,6198,5516,5525
1060,1045,872,1027,1023,1128
4994,5472,4775,4146,4651,4856
10997,11977,9671,9778,11198,11444
9751,10041,8261,10835,10449,10524
5019,3719,8567,4631,4784,5017
7071,6038,7427,5013,5965,6046
3836,2986,6917,3882,4090,4171
7878,9884,9541,8633,8372,8307
13186,14623,11275,12674,13253,12852
4989,5669,7724,5185,5449,5432
1953,1653,2401,1828,1996,2008
6906,7535,6426,7934,6799,6935
3224,4294,2976,4386,3494,3635
1589,1320,2290,1644,1757,1767
2167,2039,3013,2377,2546,2364
8803,8235,8873,8708,9262,9129
4205,3415,4618,4324,4335,4232
5845,6721,7724,5862,5916,6175
1219,1081,1122,1063,1173,1200
1685,1300,2031,1823,1498,1560
12941,12216,13333,13015,12688,12699
10102,10408,10440,9679,9881,9773
3650,3949,3338,3836,3697,3819
4500,4578,4516,4437,4810,4786
901,899,881,834,1019,960
4433,4712,3709,3963,4465,4200
1081,1049,677,956,1159,1140
1045,911,770,969,1086,1045
1773,1122,640,1234,1455,1473
1029,929,593,877,1028,1054
1402,1324,918,1322,1457,1429
832,806,362,704,841,870
851,787,445,768,1000,946
3363,2474,2466,3265,3508,3418
2416,2605,3357,2562,2561,2491
1413,1330,2123,1271,1607,1617
2066,1599,1790,1698,1909,1986
3898,3091,3208,4166,3545,3286
1935,2641,1057,1985,2112,2522
4221,3188,4302,3320,4255,4144
4782,3639,4274,4256,5020,5160
7924,9080,6713,7821,7061,7007
2300,2034,2420,2557,2673,2478
8761,6856,8809,9858,8387,8553
4796,3783,7779,4981,4574,4525
7670,8032,6963,8043,8385,7876
7510,6852,7260,7892,7400,7629
1065,1032,1140,940,1021,1058
11037,14776,9170,12761,11521,11427
15606,17779,13927,17044,14960,14750
4308,3083,4562,3403,4071,3876
7669,8379,7891,7591,7816,8373
6992,5669,9319,6523,6738,6514
5335,5503,8901,4974,5375,5764
3414,2415,2550,2984,3223,3315
3081,2087,3088,2677,3092,3070
4852,2872,5684,4998,4858,4599
8314,7548,7770,8442,8314,8342
9661,9916,7705,8685,9508,9489
10824,11677,9606,11374,10886,10637
2941,4505,3941,2855,3887,3626
4086,3532,2689,4222,3526,3591
1394,1744,1029,923,1356,1432
9693,12141,8150,10267,9266,9588
9013,9872,9217,9635,9316,8977
17295,19239,15234,16672,17297,17619
12066,13048,13612,12661,12166,12305
7202,6402,7529,7406,6951,6887
7093,6873,7130,7749,7012,7070
11818,13236,11887,11821,11669,11980
7527,7502,7501,7397,6842,6923
4708,4210,4822,4465,4462,4759
5212,4663,6231,4250,4841,4932
14207,16085,14251,14453,14424,14541
2787,2106,1678,2558,2442,2556
2666,1439,2847,2160,2429,2371
5974,5679,7325,6116,6003,6141
